City_ID,City,Country,Date,Lat,Lng,Max Temp,Humidity,Cloudiness,Wind Speed
0,Ribeira Grande,PT,2020-08-17 14:33:17,38.52,-28.7,75.2,88,75,28.86
1,Pevek,RU,2020-08-17 14:33:18,69.7,170.31,36.45,91,97,7.36
2,Gladstone,AU,2020-08-17 14:33:18,-23.85,151.25,57.2,71,0,3.36
3,Cabo San Lucas,MX,2020-08-17 14:28:39,22.89,-109.91,86.0,69,9,1.01
4,Mar Del Plata,AR,2020-08-17 14:30:42,-38.0,-57.56,53.01,43,0,13.87
5,Hilo,US,2020-08-17 14:32:54,19.73,-155.09,75.2,83,90,3.36
6,Rikitea,PF,2020-08-17 14:33:18,-23.12,-134.97,70.68,78,13,12.12
7,Kapaa,US,2020-08-17 14:33:19,22.08,-159.32,75.2,83,90,5.82
8,Sur,OM,2020-08-17 14:33:19,22.57,59.53,89.69,58,74,9.78
9,Punta Arenas,CL,2020-08-17 14:33:19,-53.15,-70.92,35.6,93,75,18.34
10,Kyren,RU,2020-08-17 14:33:19,51.68,102.14,52.66,68,1,0.4
11,San Patricio,MX,2020-08-17 14:33:20,19.22,-104.7,78.8,83,40,3.87
12,Clyde River,CA,2020-08-17 14:33:20,70.47,-68.59,42.8,93,75,19.46
13,Saint-Pierre,RE,2020-08-17 14:33:20,-21.34,55.48,73.4,69,90,13.87
14,Lorengau,PG,2020-08-17 14:33:21,-2.02,147.27,81.95,77,13,7.25
15,Da Nang,VN,2020-08-17 14:33:21,16.07,108.22,82.4,74,40,1.12
16,Abu Samrah,SY,2020-08-17 14:33:21,35.3,37.18,90.99,23,0,19.48
17,Shingu,JP,2020-08-17 14:33:21,33.73,135.98,79.77,63,100,5.44
18,Avarua,CK,2020-08-17 14:33:22,-21.21,-159.78,69.8,73,33,3.36
19,Lavrentiya,RU,2020-08-17 14:33:22,65.58,-171.0,44.55,92,100,2.35
20,Sambava,MG,2020-08-17 14:33:22,-14.27,50.17,72.9,76,0,15.21
21,Grindavik,IS,2020-08-17 14:33:22,63.84,-22.43,59.0,82,90,8.05
22,Mahebourg,MU,2020-08-17 14:33:22,-20.41,57.7,73.4,64,40,9.17
23,Nishihara,JP,2020-08-17 14:33:23,26.18,127.76,86.0,74,20,6.93
24,Ileza,RU,2020-08-17 14:33:23,61.05,43.9,56.57,61,9,5.91
25,Provideniya,RU,2020-08-17 14:32:15,64.38,-173.3,48.42,82,100,4.74
26,Carnarvon,AU,2020-08-17 14:29:57,-24.87,113.63,57.2,87,62,6.93
27,Naze,JP,2020-08-17 14:33:23,28.37,129.48,82.4,88,0,2.24
28,Hwange,ZW,2020-08-17 14:33:24,-18.37,26.5,87.22,12,0,8.9
29,Faanui,PF,2020-08-17 14:33:24,-16.48,-151.75,77.7,72,66,11.3
30,Blyth,GB,2020-08-17 14:33:24,55.13,-1.51,70.0,88,75,4.7
31,Saint Anthony,US,2020-08-17 14:32:01,45.02,-93.22,70.0,60,1,10.29
32,Half Moon Bay,US,2020-08-17 14:33:24,37.46,-122.43,71.01,83,1,3.36
33,Albany,US,2020-08-17 14:33:25,42.6,-73.97,71.01,69,70,3.51
34,Yulara,AU,2020-08-17 14:33:25,-25.24,130.99,68.0,32,0,9.17
35,Isangel,VU,2020-08-17 14:33:25,-19.55,169.27,75.07,82,82,16.26
36,Tautira,PF,2020-08-17 14:33:25,-17.73,-149.15,73.4,78,20,5.82
37,Atuona,PF,2020-08-17 14:33:26,-9.8,-139.03,78.08,73,0,17.18
38,Aklavik,CA,2020-08-17 14:33:26,68.22,-135.01,50.0,93,90,2.24
39,Mataura,NZ,2020-08-17 14:33:26,-46.19,168.86,34.0,95,81,1.99
40,Dalbandin,PK,2020-08-17 14:33:26,28.89,64.41,103.05,9,46,7.54
41,Ushuaia,AR,2020-08-17 14:31:10,-54.8,-68.3,33.8,69,75,3.36
42,Vanimo,PG,2020-08-17 14:33:27,-2.67,141.3,78.39,83,4,6.62
43,Akdepe,TM,2020-08-17 14:33:27,42.06,59.38,78.8,36,90,9.17
44,Bredasdorp,ZA,2020-08-17 14:33:27,-34.53,20.04,53.6,81,99,28.86
45,Bengkulu,ID,2020-08-17 14:33:27,-3.8,102.27,78.58,83,73,4.41
46,Jamestown,US,2020-08-17 14:33:27,42.1,-79.24,73.0,88,75,6.93
47,Vinh,VN,2020-08-17 14:33:28,18.67,105.67,79.21,84,100,3.44
48,Rota,ES,2020-08-17 14:33:28,36.62,-6.36,89.6,61,0,16.11
49,Nome,US,2020-08-17 14:33:28,64.5,-165.41,39.2,100,20,3.36
50,Manali,IN,2020-08-17 14:33:28,13.17,80.27,87.8,70,75,6.93
51,Puerto Ayora,EC,2020-08-17 14:31:07,-0.74,-90.35,68.0,87,100,5.01
52,Yatou,CN,2020-08-17 14:33:29,37.15,122.38,76.51,98,44,11.16
53,Victoria,HK,2020-08-17 14:29:00,22.29,114.16,84.0,79,98,4.0
54,Alta Floresta,BR,2020-08-17 14:33:29,-9.88,-56.09,89.6,43,0,1.12
55,Thompson,CA,2020-08-17 14:31:01,55.74,-97.86,51.8,87,75,2.98
56,Konya,TR,2020-08-17 14:32:34,38.17,32.5,80.6,28,0,11.41
57,Cape Town,ZA,2020-08-17 14:32:15,-33.93,18.42,57.0,82,40,13.87
58,Kavaratti,IN,2020-08-17 14:33:30,10.57,72.64,82.29,81,97,10.89
59,Souillac,MU,2020-08-17 14:33:30,-20.52,57.52,73.4,64,40,9.17
60,Warah,PK,2020-08-17 14:33:30,27.45,67.8,104.95,31,12,13.18
61,Port Hardy,CA,2020-08-17 14:33:31,50.7,-127.42,62.6,88,40,5.82
62,Vaitape,PF,2020-08-17 14:33:31,-16.52,-151.75,78.57,70,66,11.05
63,Arraial Do Cabo,BR,2020-08-17 14:33:31,-22.97,-42.03,77.0,83,75,3.36
64,Moose Factory,CA,2020-08-17 14:33:31,51.26,-80.61,62.6,88,90,4.7
65,Bonfim,BR,2020-08-17 14:33:31,3.08,-59.95,85.51,66,65,4.76
66,Chokurdakh,RU,2020-08-17 14:33:32,70.63,147.92,39.9,89,100,12.08
67,Tocopilla,CL,2020-08-17 14:33:32,-22.09,-70.2,64.06,49,12,7.45
68,Bage,BR,2020-08-17 14:33:32,-31.33,-54.11,60.8,44,0,5.82
69,Dharan,NP,2020-08-17 14:33:32,26.81,87.28,80.6,81,6,3.65
70,Aykhal,RU,2020-08-17 14:33:32,66.0,111.5,55.4,43,22,2.26
71,Esperance,AU,2020-08-17 14:33:33,-33.87,121.9,48.2,76,44,17.22
72,Vaini,TO,2020-08-17 14:33:33,-21.2,-175.2,69.8,83,75,8.05
73,Luderitz,NA,2020-08-17 14:33:33,-26.65,15.16,59.95,53,0,23.0
74,Tuatapere,NZ,2020-08-17 14:33:33,-46.13,167.68,34.0,95,93,1.99
75,Yellowknife,CA,2020-08-17 14:31:30,62.46,-114.35,55.4,76,75,5.82
76,Gushikawa,JP,2020-08-17 14:33:34,26.35,127.87,84.2,83,1,5.82
77,Talalayivka,UA,2020-08-17 14:33:34,50.96,31.92,78.98,52,9,5.95
78,Nadym,RU,2020-08-17 14:33:34,65.53,72.52,54.5,86,100,4.5
79,Vila Franca Do Campo,PT,2020-08-17 14:31:16,37.72,-25.43,75.2,83,75,18.34
80,Hambantota,LK,2020-08-17 14:33:35,6.12,81.12,86.0,70,20,12.75
81,Erdenet,MN,2020-08-17 14:33:35,49.03,104.08,48.79,81,14,1.81
82,Beloha,MG,2020-08-17 14:33:35,-25.17,45.05,69.78,72,0,11.5
83,Cidreira,BR,2020-08-17 14:33:35,-30.18,-50.21,62.28,57,0,4.56
84,Karratha,AU,2020-08-17 14:33:36,-20.74,116.85,67.98,30,0,12.5
85,Ostrovnoy,RU,2020-08-17 14:33:36,68.05,39.51,49.77,74,100,10.78
86,Norman Wells,CA,2020-08-17 14:33:36,65.28,-126.83,48.2,81,75,2.24
87,Hakkari,TR,2020-08-17 14:33:36,37.58,44.17,82.4,20,40,4.7
88,Busselton,AU,2020-08-17 14:33:36,-33.65,115.33,54.0,66,87,16.33
89,Port Lincoln,AU,2020-08-17 14:33:37,-34.73,135.87,53.67,72,15,17.58
90,Hermanus,ZA,2020-08-17 14:30:52,-34.42,19.23,54.0,81,97,5.99
91,Luwuk,ID,2020-08-17 14:33:37,-0.95,122.79,75.27,59,100,6.06
92,Epe,NG,2020-08-17 14:33:37,6.58,3.98,82.26,68,75,11.59
93,Les Cayes,HT,2020-08-17 14:33:37,18.2,-73.75,85.98,63,51,4.38
94,Vostok,RU,2020-08-17 14:33:38,46.49,135.88,55.02,98,33,4.38
95,Buin,CL,2020-08-17 14:33:38,-33.73,-70.75,55.99,61,0,2.51
96,Kungurtug,RU,2020-08-17 14:33:38,50.6,97.52,52.99,68,0,3.78
97,Saldanha,ZA,2020-08-17 14:31:25,-33.01,17.94,57.2,71,72,18.34
98,Adre,TD,2020-08-17 14:33:38,13.47,22.2,86.95,49,98,3.94
99,Kiunga,PG,2020-08-17 14:33:39,-6.12,141.29,71.64,94,83,2.86
100,Dingle,PH,2020-08-17 14:33:39,11.0,122.67,77.29,90,100,3.87
101,Ponta Do Sol,PT,2020-08-17 14:33:39,32.67,-17.1,77.0,63,0,3.51
102,Torbay,CA,2020-08-17 14:31:16,47.67,-52.73,73.99,49,20,13.87
103,Guymon,US,2020-08-17 14:33:40,36.68,-101.48,69.8,73,1,10.29
104,Mongo,TD,2020-08-17 14:33:40,12.18,18.69,87.71,61,31,7.58
105,Butaritari,KI,2020-08-17 14:33:40,3.07,172.79,81.16,60,41,4.99
106,Santander,ES,2020-08-17 14:33:40,43.46,-3.8,75.99,64,20,4.7
107,Komsomolskiy,UZ,2020-08-17 14:33:41,40.43,71.72,86.0,37,75,4.7
108,Kutum,SD,2020-08-17 14:33:41,14.2,24.67,83.73,45,100,6.93
109,Leningradskiy,RU,2020-08-17 14:29:05,69.38,178.42,40.66,83,62,18.23
110,Kaseda,JP,2020-08-17 14:33:41,31.42,130.32,82.53,83,0,4.61
111,Bluff,NZ,2020-08-17 14:33:41,-46.6,168.33,34.0,95,82,1.99
112,Beringovskiy,RU,2020-08-17 14:33:41,63.05,179.32,52.07,83,100,19.24
113,Codrington,AU,2020-08-17 14:33:42,-38.27,141.97,48.7,94,44,12.55
114,Los Llanos De Aridane,ES,2020-08-17 14:33:42,28.66,-17.92,82.4,48,7,12.75
115,Qaanaaq,GL,2020-08-17 14:33:42,77.48,-69.36,40.35,68,61,7.92
116,Zhigansk,RU,2020-08-17 14:33:42,66.77,123.37,47.93,53,2,8.52
117,Quthing,LS,2020-08-17 14:33:42,-30.4,27.7,60.28,24,0,19.53
118,Presidencia Roque Saenz Pena,AR,2020-08-17 14:33:27,-26.79,-60.44,71.19,23,0,5.86
119,Asyut,EG,2020-08-17 14:33:43,27.18,31.18,100.4,29,0,11.41
120,Port Alfred,ZA,2020-08-17 14:33:43,-33.59,26.89,62.24,54,96,18.9
121,Namibe,AO,2020-08-17 14:33:43,-15.2,12.15,71.6,73,20,18.34
122,Petropavlovsk-Kamchatskiy,RU,2020-08-17 14:30:46,53.05,158.65,55.4,100,75,6.71
123,Hobart,AU,2020-08-17 14:32:37,-42.88,147.33,51.01,93,90,2.04
124,San Vicente,AR,2020-08-17 14:33:44,-26.62,-54.13,72.32,57,0,2.98
125,Bambous Virieux,MU,2020-08-17 14:33:44,-20.34,57.76,73.4,64,40,9.17
126,Hithadhoo,MV,2020-08-17 14:33:44,-0.6,73.08,84.58,70,82,6.04
127,Kajaani,FI,2020-08-17 14:30:42,64.23,27.73,59.0,47,82,17.22
128,Deming,US,2020-08-17 14:33:45,32.27,-107.76,75.2,41,1,13.15
129,Bethel,US,2020-08-17 14:33:45,41.37,-73.41,71.01,68,40,2.08
130,Port-Cartier,CA,2020-08-17 14:33:45,50.03,-66.87,66.99,72,40,11.41
131,Mwinilunga,ZM,2020-08-17 14:33:45,-11.74,24.43,89.51,12,38,4.18
132,Saskylakh,RU,2020-08-17 14:28:49,71.92,114.08,55.98,49,100,4.99
133,Chissamba,AO,2020-08-17 14:33:46,-12.17,17.33,82.4,15,53,4.7
134,Lompoc,US,2020-08-17 14:31:37,34.64,-120.46,64.0,87,20,1.81
135,Bathsheba,BB,2020-08-17 14:33:46,13.22,-59.52,82.4,83,75,20.8
136,Rundu,NA,2020-08-17 14:33:46,-17.93,19.77,90.79,10,0,2.59
137,New Norfolk,AU,2020-08-17 14:33:46,-42.78,147.06,51.01,92,33,2.37
138,Port Elizabeth,ZA,2020-08-17 14:33:47,-33.92,25.57,64.4,23,72,10.29
139,East London,ZA,2020-08-17 14:33:47,-33.02,27.91,64.4,52,4,16.11
140,Honningsvag,NO,2020-08-17 14:29:15,70.98,25.97,48.2,70,75,26.4
141,Castro,BR,2020-08-17 14:33:47,-24.79,-50.01,67.6,78,89,2.66
142,Khash,IR,2020-08-17 14:33:47,28.22,61.22,88.23,16,83,14.14
143,Parrita,CR,2020-08-17 14:33:48,9.52,-84.32,77.0,60,92,9.17
144,Caravelas,BR,2020-08-17 14:33:48,-17.71,-39.25,80.89,63,23,10.89
145,Dawei,MM,2020-08-17 14:33:48,14.08,98.2,77.97,85,100,1.05
146,Kodiak,US,2020-08-17 14:33:03,57.79,-152.41,50.0,87,90,3.36
147,Saint George,US,2020-08-17 14:30:07,37.1,-113.58,84.2,12,1,10.29
148,Tiksi,RU,2020-08-17 14:33:49,71.69,128.87,47.3,65,100,6.58
149,Salalah,OM,2020-08-17 14:33:49,17.02,54.09,78.8,94,90,5.82
150,Mangrol,IN,2020-08-17 14:33:49,21.12,70.12,82.17,83,99,17.94
151,Waingapu,ID,2020-08-17 14:33:49,-9.66,120.26,73.81,82,22,6.78
152,Namatanai,PG,2020-08-17 14:33:50,-3.67,152.43,78.85,84,9,10.69
153,Lebu,CL,2020-08-17 14:33:50,-37.62,-73.65,49.62,71,0,4.59
154,Ixtapa,MX,2020-08-17 14:33:50,20.7,-105.2,82.0,83,40,4.7
155,Khuzdar,PK,2020-08-17 14:33:50,27.74,66.64,90.82,42,92,8.68
156,Maldonado,UY,2020-08-17 14:33:50,-34.67,-54.92,55.0,66,0,3.36
157,Narsaq,GL,2020-08-17 14:33:51,60.92,-46.05,57.2,50,75,4.7
158,Toora-Khem,RU,2020-08-17 14:33:51,52.47,96.11,58.28,75,100,1.41
159,Ilulissat,GL,2020-08-17 14:33:51,69.22,-51.1,48.2,49,40,5.82
160,Manati,PR,2020-08-17 14:33:51,18.43,-66.49,87.8,70,40,11.41
161,Hohhot,CN,2020-08-17 14:33:52,40.81,111.65,60.8,93,40,4.47
162,Bad Bramstedt,DE,2020-08-17 14:33:52,53.92,9.88,84.0,55,43,5.01
163,Tasiilaq,GL,2020-08-17 14:33:52,65.61,-37.64,48.2,93,75,3.36
164,Acapulco,MX,2020-08-17 14:31:16,16.86,-99.89,77.0,88,90,11.41
165,Callaway,US,2020-08-17 14:33:52,30.15,-85.57,88.0,70,1,4.7
166,Port-Gentil,GA,2020-08-17 14:33:53,-0.72,8.78,82.4,74,75,17.18
167,Farmington,US,2020-08-17 14:33:53,36.73,-108.22,77.0,28,1,8.05
168,Mount Isa,AU,2020-08-17 14:33:53,-20.73,139.5,55.4,27,0,7.83
169,Duncan,US,2020-08-17 14:31:06,34.5,-97.96,79.0,73,1,3.36
170,Berbera,SO,2020-08-17 14:33:54,10.44,45.01,95.23,42,9,4.0
171,Arrecife,ES,2020-08-17 14:33:02,28.96,-13.55,84.2,51,0,27.51
172,Lasa,IT,2020-08-17 14:33:54,46.62,10.7,72.0,82,75,3.36
173,Vestmanna,FO,2020-08-17 14:33:54,62.16,-7.17,57.2,82,29,10.29
174,Tres Palos,MX,2020-08-17 14:33:55,18.18,-101.62,78.8,83,75,1.43
175,Barrow,US,2020-08-17 14:31:23,71.29,-156.79,44.6,87,90,19.46
176,Satkhira,BD,2020-08-17 14:33:55,22.72,89.1,84.2,94,40,4.7
177,Rio Grande,BR,2020-08-17 14:31:53,-32.03,-52.1,64.4,34,0,9.17
178,Dongsheng,CN,2020-08-17 14:33:55,39.82,109.98,56.68,74,100,10.71
179,Saint-Georges,GD,2020-08-17 14:33:55,12.06,-61.75,86.0,84,75,16.11
180,Missoula,US,2020-08-17 14:33:56,47.02,-113.8,64.0,59,1,2.46
181,Xinan,CN,2020-08-17 14:33:56,26.72,119.86,79.97,84,21,6.87
182,Millau,FR,2020-08-17 14:33:56,44.08,2.92,75.99,44,44,6.93
183,Noumea,NC,2020-08-17 14:33:56,-22.28,166.46,73.0,94,90,5.82
184,Rudnogorsk,RU,2020-08-17 14:33:56,57.26,103.75,48.94,66,0,3.98
185,Nhulunbuy,AU,2020-08-17 14:33:57,-12.23,136.77,64.4,77,0,6.67
186,Pindiga,NG,2020-08-17 14:33:57,9.98,10.93,83.37,66,95,4.85
187,Kruisfontein,ZA,2020-08-17 14:33:57,-34.0,24.73,68.0,20,31,5.01
188,Fez,MA,2020-08-17 14:33:57,34.04,-5.0,91.4,18,0,11.41
189,Khatanga,RU,2020-08-17 14:33:58,71.97,102.5,60.46,82,84,7.29
190,Atar,MR,2020-08-17 14:33:58,20.52,-13.05,108.59,14,0,4.76
191,Walvis Bay,NA,2020-08-17 14:33:58,-22.96,14.51,66.2,52,0,13.87
192,Mareeba,AU,2020-08-17 14:33:58,-17.0,145.43,60.8,93,2,1.25
193,Petrolina De Goias,BR,2020-08-17 14:33:59,-16.09,-49.34,89.6,28,40,5.82
194,Vestmannaeyjar,IS,2020-08-17 14:33:59,63.44,-20.27,53.6,93,90,16.11
195,Avera,US,2020-08-17 14:33:59,33.19,-82.53,80.01,94,1,5.82
196,Bitung,ID,2020-08-17 14:33:59,1.45,125.18,77.0,94,20,2.24
197,Sitka,US,2020-08-17 14:33:59,57.05,-135.33,53.6,93,90,5.82
198,Tokur,RU,2020-08-17 14:33:59,53.13,132.9,47.88,93,100,1.83
199,Marsh Harbour,BS,2020-08-17 14:34:00,26.54,-77.06,85.32,62,0,6.93
200,Tura,IN,2020-08-17 14:32:11,25.52,90.22,76.33,92,99,8.46
201,Maryville,US,2020-08-17 14:34:00,35.76,-83.97,77.0,73,75,5.82
202,Chala,TZ,2020-08-17 14:34:00,-7.58,31.27,74.32,24,73,5.86
203,Tshela,CD,2020-08-17 14:34:00,-4.98,12.93,78.96,67,100,4.79
204,Cherskiy,RU,2020-08-17 14:33:05,68.75,161.3,42.24,87,100,12.8
205,Along,IN,2020-08-17 14:34:01,28.17,94.77,74.05,89,70,0.81
206,Aiquile,BO,2020-08-17 14:34:01,-18.2,-65.18,69.42,49,23,3.06
207,Sungaipenuh,ID,2020-08-17 14:34:02,-2.08,101.38,65.52,96,99,0.56
208,Fortuna,US,2020-08-17 14:34:02,40.6,-124.16,59.0,95,100,4.52
209,Vardo,NO,2020-08-17 14:34:02,70.37,31.11,50.0,66,40,21.92
210,Brokopondo,SR,2020-08-17 14:34:02,4.75,-55.17,85.46,64,71,3.76
211,Aqtobe,KZ,2020-08-17 14:34:02,50.28,57.21,60.8,67,75,4.47
212,Araguacu,BR,2020-08-17 14:34:02,-12.93,-49.83,100.65,15,0,6.31
213,San Pedro,PH,2020-08-17 14:31:21,14.35,121.02,84.0,83,100,2.24
214,Moba,CN,2020-08-17 14:34:03,33.23,105.02,49.69,98,100,5.3
215,Nioro,GM,2020-08-17 14:34:03,13.35,-15.75,90.14,59,71,5.26
216,Turayf,SA,2020-08-17 14:34:03,31.67,38.66,96.8,18,0,11.41
217,Cam Ranh,VN,2020-08-17 14:34:03,11.92,109.16,86.0,79,40,4.7
218,Thinadhoo,MV,2020-08-17 14:34:04,0.53,72.93,84.52,70,98,6.55
219,Labuan,MY,2020-08-17 14:31:01,5.28,115.24,75.2,94,40,10.29
220,San Cristobal,VE,2020-08-17 14:34:05,7.77,-72.22,77.0,100,75,3.36
221,Kaitangata,NZ,2020-08-17 14:34:05,-46.28,169.85,42.01,80,43,4.5
222,Mokhotlong,LS,2020-08-17 14:34:05,-29.29,29.07,53.82,33,0,26.55
223,Almaznyy,RU,2020-08-17 14:34:05,48.04,40.05,84.2,32,23,17.9
224,Douentza,ML,2020-08-17 14:34:05,15.0,-2.95,97.11,34,96,2.91
225,Toamasina,MG,2020-08-17 14:34:06,-18.17,49.38,73.4,78,20,4.7
226,Teguldet,RU,2020-08-17 14:34:06,57.31,88.17,62.13,73,2,6.64
227,Sao Filipe,CV,2020-08-17 14:34:06,14.9,-24.5,78.35,86,50,4.76
228,Mattru,SL,2020-08-17 14:34:07,7.62,-11.83,80.96,70,90,4.7
229,Jesus Carranza,MX,2020-08-17 14:34:07,17.43,-95.03,78.6,85,78,6.51
230,Metro,ID,2020-08-17 14:34:07,-5.11,105.31,76.06,88,39,3.94
231,Jasper,US,2020-08-17 14:34:07,37.2,-94.35,75.99,73,1,3.36
232,Coquimbo,CL,2020-08-17 14:34:07,-29.95,-71.34,48.2,93,90,4.7
233,Heihe,CN,2020-08-17 14:34:08,50.24,127.49,60.8,100,75,13.42
234,Ponta Delgada,PT,2020-08-17 14:34:08,37.73,-25.67,75.2,83,75,18.34
235,Vila Velha,BR,2020-08-17 14:34:08,-20.33,-40.29,81.0,65,40,13.87
236,Ito,JP,2020-08-17 14:34:08,34.97,139.08,78.01,94,8,2.48
237,San Francisco,US,2020-08-17 14:31:33,37.77,-122.42,70.0,72,75,3.36
238,Qaqortoq,GL,2020-08-17 14:34:09,60.72,-46.03,57.2,50,75,4.7
239,Padang,ID,2020-08-17 14:33:15,-0.95,100.35,78.73,77,100,4.14
240,Sinazongwe,ZM,2020-08-17 14:34:09,-17.26,27.46,83.75,24,0,9.22
241,Airai,TL,2020-08-17 14:34:09,-8.93,125.41,56.23,89,0,2.82
242,Pirgos,GR,2020-08-17 14:34:10,35.12,25.72,89.01,32,0,17.0
243,Upernavik,GL,2020-08-17 14:34:10,72.79,-56.15,45.82,56,93,1.83
244,Zhaodong,CN,2020-08-17 14:34:10,46.08,125.98,73.0,100,40,6.71
245,Garango,BF,2020-08-17 14:34:10,11.8,-0.55,89.4,54,100,6.15
246,Tessalit,ML,2020-08-17 14:34:11,20.2,1.01,102.24,23,19,8.66
247,Talnakh,RU,2020-08-17 14:33:05,69.49,88.4,68.0,49,0,4.47
248,Harper,LR,2020-08-17 14:34:11,4.38,-7.72,78.31,69,85,8.37
249,Joshimath,IN,2020-08-17 14:34:11,30.57,79.57,72.03,62,95,1.14
250,Kichera,RU,2020-08-17 14:34:11,55.94,110.1,54.12,64,2,4.25
251,Wanning,CN,2020-08-17 14:34:12,18.8,110.4,81.16,84,100,4.21
252,Kavieng,PG,2020-08-17 14:34:12,-2.57,150.8,81.19,78,5,5.57
253,Susangerd,IR,2020-08-17 14:34:12,31.56,48.18,111.2,15,0,4.7
254,Teguise,ES,2020-08-17 14:34:12,29.06,-13.56,84.2,51,0,27.51
255,Mayumba,GA,2020-08-17 14:34:12,-3.43,10.66,75.94,80,100,8.1
256,Dikson,RU,2020-08-17 14:33:03,73.51,80.55,51.37,95,40,6.46
257,Kahului,US,2020-08-17 14:34:13,20.89,-156.47,75.2,73,1,4.7
258,Yeniseysk,RU,2020-08-17 14:33:05,58.45,92.17,56.01,64,21,5.12
259,Soe,ID,2020-08-17 14:34:13,-9.86,124.28,61.86,93,0,4.45
260,Nikolskoye,RU,2020-08-17 14:34:13,59.7,30.79,68.0,42,0,8.95
261,Rio Gallegos,AR,2020-08-17 14:32:19,-51.62,-69.22,37.4,69,40,23.04
262,Faya,SA,2020-08-17 14:34:14,18.39,42.45,78.8,47,75,9.17
263,Bereda,ES,2020-08-17 14:34:14,43.27,-7.54,64.99,100,100,5.99
264,Boende,CD,2020-08-17 14:34:14,-0.22,20.87,85.78,65,100,2.01
265,Constitucion,CL,2020-08-17 14:34:15,-35.33,-72.42,52.52,59,0,4.94
266,Yarmouth,US,2020-08-17 14:32:46,41.71,-70.23,68.0,88,90,13.87
267,Severo-Kurilsk,RU,2020-08-17 14:34:15,50.68,156.12,50.68,90,67,0.63
268,Watsa,CD,2020-08-17 14:34:15,3.04,29.54,74.52,93,76,0.96
269,Laguna,US,2020-08-17 14:31:08,38.42,-121.42,81.0,69,1,5.82
270,Olafsvik,IS,2020-08-17 14:34:16,64.89,-23.71,57.36,79,82,6.58
271,Shimoda,JP,2020-08-17 14:34:16,34.67,138.95,78.01,94,35,4.18
272,Atikokan,CA,2020-08-17 14:34:16,48.76,-91.62,62.98,58,54,8.1
273,Chuy,UY,2020-08-17 14:34:16,-33.7,-53.46,57.42,52,0,3.89
274,Nagato,JP,2020-08-17 14:34:17,34.38,131.2,82.4,83,20,3.36
275,Chapais,CA,2020-08-17 14:34:17,49.78,-74.85,59.0,93,90,6.93
276,Mikuni,JP,2020-08-17 14:34:17,36.22,136.15,80.6,88,75,3.36
277,Tuktoyaktuk,CA,2020-08-17 14:34:17,69.45,-133.04,50.0,87,90,8.05
278,Valparaiso,CL,2020-08-17 14:34:18,-33.04,-71.63,50.0,61,0,2.24
279,Puerto Cabezas,NI,2020-08-17 14:34:18,14.04,-83.39,77.0,94,40,4.7
280,Tateyama,JP,2020-08-17 14:34:18,34.98,139.87,82.99,88,72,5.44
281,Pelhrimov,CZ,2020-08-17 14:34:18,49.43,15.22,80.01,67,66,1.01
282,Vizinga,RU,2020-08-17 14:34:19,61.07,50.1,48.22,96,100,7.58
283,Rocha,UY,2020-08-17 14:31:27,-34.48,-54.33,56.28,56,0,4.81
284,Kuah,MY,2020-08-17 14:33:01,6.33,99.84,82.4,83,20,2.24
285,Briceni,MD,2020-08-17 14:34:19,48.36,27.7,86.0,29,8,5.53
286,Tete,MZ,2020-08-17 14:34:19,-16.16,33.59,93.2,23,0,14.99
287,Kristianstad,SE,2020-08-17 14:34:20,56.03,14.15,82.99,39,2,11.41
288,Coffs Harbour,AU,2020-08-17 14:34:20,-30.3,153.13,46.99,93,0,4.7
289,Waipawa,NZ,2020-08-17 14:34:20,-41.41,175.52,41.0,93,2,5.82
290,Taoudenni,ML,2020-08-17 14:34:20,22.68,-3.98,116.83,5,0,9.42
291,Cayenne,GF,2020-08-17 14:30:05,4.93,-52.33,86.0,66,90,8.05
292,Porto Santo,PT,2020-08-17 14:34:21,33.07,-16.34,77.0,73,40,9.17
293,Georgetown,MY,2020-08-17 14:32:48,5.41,100.34,82.4,83,20,3.36
294,Bac Lieu,VN,2020-08-17 14:34:21,9.29,105.72,80.6,86,23,8.95
295,Bourail,NC,2020-08-17 14:34:21,-21.57,165.48,69.39,92,100,6.49
296,Alihe,CN,2020-08-17 14:34:21,50.57,123.72,59.5,94,100,4.52
297,Buchanan,LR,2020-08-17 14:34:22,5.88,-10.05,78.8,83,75,11.41
298,Male,MV,2020-08-17 14:30:33,4.17,73.51,86.0,74,75,1.92
299,Umea,SE,2020-08-17 14:34:22,63.83,20.26,64.4,59,0,10.29
300,Calama,CL,2020-08-17 14:34:22,-22.47,-68.93,59.0,10,0,3.36
301,Carson City,US,2020-08-17 14:34:22,39.16,-119.77,66.0,55,1,1.86
302,Burgersdorp,ZA,2020-08-17 14:34:23,-31.0,26.33,58.62,26,0,24.2
303,Hualmay,PE,2020-08-17 14:34:23,-11.1,-77.61,63.72,67,97,8.41
304,Hongjiang,CN,2020-08-17 14:34:23,27.11,110.0,76.41,78,3,1.3
305,Coihaique,CL,2020-08-17 14:29:46,-45.58,-72.07,46.4,84,90,10.29
306,Antalaha,MG,2020-08-17 14:34:24,-14.9,50.28,72.48,77,0,12.03
307,Kamaishi,JP,2020-08-17 14:34:24,39.27,141.88,72.3,87,92,1.88
308,Imperia,IT,2020-08-17 14:34:24,43.97,7.78,80.6,100,75,11.41
309,Andros Town,BS,2020-08-17 14:34:24,24.7,-77.77,87.8,66,75,5.82
310,Geraldton,AU,2020-08-17 14:34:24,-28.77,114.6,55.4,87,90,5.82
311,Fayetteville,US,2020-08-17 14:32:30,35.05,-78.88,78.01,69,1,3.36
312,Villa Carlos Paz,AR,2020-08-17 14:34:25,-31.42,-64.5,66.99,15,0,10.29
313,George Town,MY,2020-08-17 14:34:25,5.41,100.34,82.4,83,20,3.36
314,Mwingi,KE,2020-08-17 14:34:25,-0.93,38.06,75.97,52,99,10.51
315,Clarence Town,AU,2020-08-17 14:34:25,-32.58,151.78,55.99,71,0,11.41
316,Roma,US,2020-08-17 14:32:03,43.21,-75.46,70.0,88,90,4.7
317,Camabatela,AO,2020-08-17 14:34:26,-8.19,15.38,86.09,30,88,8.48
318,Daru,PG,2020-08-17 14:34:26,-9.08,143.21,74.07,83,0,10.22
319,Hami,CN,2020-08-17 14:34:26,42.8,93.45,82.17,15,0,5.19
320,Goma,CD,2020-08-17 14:29:45,-1.68,29.22,80.6,42,40,9.17
321,Kieta,PG,2020-08-17 14:34:27,-6.22,155.63,77.49,80,11,4.38
322,Mandera,KE,2020-08-17 14:34:27,3.94,41.87,86.67,41,93,17.87
323,Sabzevar,IR,2020-08-17 14:31:40,36.21,57.68,93.2,26,20,18.34
324,Vilhena,BR,2020-08-17 14:34:27,-12.74,-60.15,87.8,45,4,9.17
325,Serebryansk,KZ,2020-08-17 14:34:27,49.69,83.29,71.6,43,40,8.95
326,Belturbet,IE,2020-08-17 14:34:28,54.1,-7.45,61.0,92,100,1.99
327,Hasaki,JP,2020-08-17 14:34:28,35.73,140.83,82.0,100,75,2.24
328,Samarai,PG,2020-08-17 14:34:28,-10.62,150.67,74.32,73,70,10.4
329,Olovyannaya,RU,2020-08-17 14:34:28,50.95,115.57,51.4,87,85,10.22
330,Lata,PT,2020-08-17 14:34:28,40.16,-8.33,84.0,55,85,11.68
331,Umm Lajj,SA,2020-08-17 14:34:29,25.02,37.27,91.38,54,1,7.76
332,Husavik,IS,2020-08-17 14:34:29,66.04,-17.34,57.2,76,100,16.11
333,Ramhormoz,IR,2020-08-17 14:34:29,31.28,49.6,113.0,8,0,16.11
334,Merauke,ID,2020-08-17 14:34:30,-8.47,140.33,74.44,81,0,11.95
335,Asau,RO,2020-08-17 14:34:30,46.43,26.4,82.0,51,44,5.23
336,Usogorsk,RU,2020-08-17 14:34:30,63.41,48.69,55.15,66,28,4.0
337,Kudahuvadhoo,MV,2020-08-17 14:34:30,2.67,72.89,83.8,66,100,2.55
338,Marsa Matruh,EG,2020-08-17 14:34:31,31.35,27.25,84.2,62,0,13.87
339,Dalvik,IS,2020-08-17 14:34:31,65.97,-18.53,57.2,76,98,16.11
340,Kankaanpaa,FI,2020-08-17 14:34:31,61.8,22.42,70.0,48,0,10.29
341,Aquiraz,BR,2020-08-17 14:34:31,-3.9,-38.39,87.8,45,0,24.16
342,Ndungu,TZ,2020-08-17 14:34:31,-4.37,38.05,77.85,52,91,5.37
343,Solnechnyy,RU,2020-08-17 14:34:32,50.72,136.63,55.78,85,100,0.92
344,Lagoa,PT,2020-08-17 14:34:32,39.05,-27.98,74.73,88,100,33.31
345,Clermont,FR,2020-08-17 14:34:32,49.5,2.42,70.0,83,67,6.93
346,Nalut,LY,2020-08-17 14:34:33,30.33,10.85,105.13,8,0,14.29
347,Baoshan,CN,2020-08-17 14:34:33,46.56,131.42,65.3,92,62,6.4
348,Slave Lake,CA,2020-08-17 14:34:33,55.28,-114.77,60.8,87,1,5.82
349,Jiblah,YE,2020-08-17 14:34:33,13.92,44.15,73.13,65,51,10.27
350,Gus-Zheleznyy,RU,2020-08-17 14:34:34,55.06,41.17,66.63,58,1,6.64
351,Vanavara,RU,2020-08-17 14:34:34,60.34,102.28,52.12,58,44,6.4
352,Brigantine,US,2020-08-17 14:34:34,39.41,-74.36,75.2,69,75,5.82
353,Baturaden,ID,2020-08-17 14:34:34,-7.3,109.22,66.0,100,92,4.38
354,Saint-Philippe,RE,2020-08-17 14:34:35,-21.36,55.77,73.4,69,90,13.87
355,Gweta,BW,2020-08-17 14:34:35,-20.18,25.23,88.83,11,0,4.07
356,Meulaboh,ID,2020-08-17 14:34:35,4.14,96.13,79.83,80,69,4.85
357,Tiarei,PF,2020-08-17 14:34:35,-17.53,-149.33,73.4,78,20,5.82
358,Akureyri,IS,2020-08-17 14:34:35,65.68,-18.09,57.2,76,99,16.11
359,Alice Springs,AU,2020-08-17 14:29:54,-23.7,133.88,68.0,35,0,5.82
360,Sanmenxia,CN,2020-08-17 14:34:36,34.77,111.18,72.59,86,19,7.54
361,Saint-Augustin,CA,2020-08-17 14:34:36,51.23,-58.65,76.15,33,26,8.48
362,Kloulklubed,PW,2020-08-17 14:34:36,7.04,134.26,78.8,88,75,6.93
363,Portland,US,2020-08-17 14:34:00,45.52,-122.68,69.01,64,20,4.7
364,Azare,NG,2020-08-17 14:34:37,11.68,10.19,90.61,50,23,5.1
365,Cabra,ES,2020-08-17 14:34:37,37.47,-4.44,90.0,27,0,1.01
366,Glenwood Springs,US,2020-08-17 14:34:37,39.55,-107.32,66.0,37,1,5.82
367,Shelburne,CA,2020-08-17 14:34:37,44.08,-80.2,73.4,69,20,9.17
368,Matagami,CA,2020-08-17 14:34:38,49.75,-77.63,62.6,88,75,5.61
369,Domoni,KM,2020-08-17 14:34:38,-12.26,44.53,75.7,73,0,5.39
370,Tacuarembo,UY,2020-08-17 14:34:38,-31.73,-55.98,61.23,47,0,3.83
371,Burns Lake,CA,2020-08-17 14:34:38,54.23,-125.75,58.86,76,31,2.3
372,San Andres,CO,2020-08-17 14:30:36,12.58,-81.7,84.2,79,75,10.29
373,Belmonte,BR,2020-08-17 14:34:39,-15.86,-38.88,80.6,69,40,12.75
374,Kuli,RU,2020-08-17 14:34:39,42.02,47.24,71.6,56,75,6.93
375,Sabang,ID,2020-08-17 14:34:39,5.89,95.32,83.55,79,0,16.04
376,Pokosnoye,RU,2020-08-17 14:34:39,55.53,101.05,51.94,65,59,5.59
377,Mana,GF,2020-08-17 14:34:40,5.66,-53.78,86.41,62,64,10.13
378,Grand Gaube,MU,2020-08-17 14:34:40,-20.01,57.66,73.0,67,0,3.0
379,Killybegs,IE,2020-08-17 14:34:40,54.63,-8.45,66.2,82,90,3.36
380,Bozoum,CF,2020-08-17 14:34:40,6.32,16.38,78.87,86,77,2.59
381,Richards Bay,ZA,2020-08-17 14:34:40,-28.78,32.04,64.56,66,42,17.78
382,Mecca,SA,2020-08-17 14:30:22,21.43,39.83,102.99,17,17,18.25
383,Ladario,BR,2020-08-17 14:34:41,-19.0,-57.6,75.2,78,75,9.17
384,Llangefni,GB,2020-08-17 14:34:41,53.26,-4.31,62.6,100,75,11.41
385,Great Bend,US,2020-08-17 14:30:30,38.36,-98.76,75.99,83,1,4.7
386,Destin,US,2020-08-17 14:34:41,30.39,-86.5,89.01,66,1,3.36
387,Chumikan,RU,2020-08-17 14:34:41,54.72,135.31,51.17,93,100,3.78
388,Vao,NC,2020-08-17 14:34:42,-22.67,167.48,69.53,93,93,11.23
389,Skelleftea,SE,2020-08-17 14:34:42,64.75,20.95,66.2,39,3,10.29
390,Inhambane,MZ,2020-08-17 14:34:42,-23.86,35.38,73.4,64,75,17.22
391,Longyearbyen,SJ,2020-08-17 14:34:42,78.22,15.64,46.4,65,75,6.93
392,Te Anau,NZ,2020-08-17 14:34:42,-45.42,167.72,36.21,88,100,1.01
393,Hudiksvall,SE,2020-08-17 14:34:43,61.73,17.1,65.05,54,2,7.05
394,Progreso,MX,2020-08-17 14:34:43,21.28,-89.67,84.0,78,75,4.7
395,Udachnyy,RU,2020-08-17 14:34:43,66.42,112.4,55.4,43,0,2.66
396,Sioux Lookout,CA,2020-08-17 14:34:43,50.1,-91.92,60.8,77,75,8.05
397,Mayo,US,2020-08-17 14:34:44,38.89,-76.51,78.01,66,40,4.7
398,Mvuma,ZW,2020-08-17 14:34:44,-19.28,30.53,74.1,20,0,10.4
399,Aranos,NA,2020-08-17 14:34:44,-24.13,19.12,81.09,12,0,27.18
400,Plettenberg Bay,ZA,2020-08-17 14:34:44,-34.05,23.37,60.4,37,48,1.63
401,Yilan,TW,2020-08-17 14:34:45,24.76,121.75,86.0,74,20,12.75
402,Tulsipur,NP,2020-08-17 14:34:45,28.13,82.3,87.01,83,43,2.1
403,Maba,CN,2020-08-17 14:34:45,24.68,113.6,78.19,84,100,1.92
404,Acari,PE,2020-08-17 14:34:45,-15.43,-74.62,69.82,39,45,6.33
405,Raudeberg,NO,2020-08-17 14:34:45,61.99,5.14,69.01,82,40,8.05
406,Sola,VU,2020-08-17 14:34:46,-13.88,167.55,79.47,83,97,10.22
407,Anadyr,RU,2020-08-17 14:34:46,64.75,177.48,51.8,81,26,6.71
408,Kondinskoye,RU,2020-08-17 14:34:46,59.65,67.41,57.92,91,100,9.95
409,College,US,2020-08-17 14:34:47,64.86,-147.8,51.01,81,40,4.7
410,Port Hawkesbury,CA,2020-08-17 14:34:47,45.62,-61.35,64.0,82,75,8.05
411,Fairbanks,US,2020-08-17 14:30:02,64.84,-147.72,51.01,87,1,6.93
412,Fare,PF,2020-08-17 14:34:47,-16.7,-151.02,78.12,70,1,9.13
413,Mitsamiouli,KM,2020-08-17 14:34:48,-11.38,43.28,84.2,54,20,6.93
414,Ust-Omchug,RU,2020-08-17 14:34:48,61.15,149.63,46.56,90,100,2.48
415,Sivas,TR,2020-08-17 14:34:48,39.79,37.0,66.2,45,20,19.46
416,Passagem Franca,BR,2020-08-17 14:34:48,-6.18,-43.78,96.58,25,10,7.38
417,Iquique,CL,2020-08-17 14:34:48,-20.22,-70.14,60.8,63,90,6.93
418,Nenjiang,CN,2020-08-17 14:34:49,49.18,125.22,65.79,97,100,4.03
419,Ahuimanu,US,2020-08-17 14:34:49,21.44,-157.84,77.0,69,75,5.82
420,Yeppoon,AU,2020-08-17 14:34:49,-23.13,150.73,53.6,81,0,4.97
421,Erzin,TR,2020-08-17 14:34:49,36.96,36.2,84.99,72,0,15.01
422,Viedma,AR,2020-08-17 14:34:50,-40.81,-63.0,55.11,37,0,19.37
423,Kroya,ID,2020-08-17 14:34:50,-7.63,109.25,77.94,84,98,8.41
424,Drakhtik,AM,2020-08-17 14:34:50,40.56,45.24,51.6,92,97,6.64
425,Opuwo,NA,2020-08-17 14:34:50,-18.06,13.84,84.81,14,0,14.54
426,Havoysund,NO,2020-08-17 14:34:50,71.0,24.66,48.2,70,75,26.4
427,Sainte-Suzanne,RE,2020-08-17 14:34:51,-20.91,55.61,73.4,69,20,14.99
428,Sinop,TR,2020-08-17 14:32:38,41.77,34.87,77.0,50,0,11.41
429,Ulladulla,AU,2020-08-17 14:34:51,-35.35,150.47,54.0,58,48,21.92
430,Grand-Lahou,CI,2020-08-17 14:34:51,5.14,-5.02,76.69,73,90,10.2
431,Winslow,US,2020-08-17 14:34:34,35.02,-110.7,71.6,35,1,9.17
432,Krasnoarmeysk,RU,2020-08-17 14:34:52,51.02,45.7,72.0,65,12,5.01
433,Praia Da Vitoria,PT,2020-08-17 14:34:52,38.73,-27.07,77.0,83,75,31.54
434,Dicabisagan,PH,2020-08-17 14:34:52,17.08,122.42,77.83,83,100,2.06
435,Nanortalik,GL,2020-08-17 14:34:52,60.14,-45.24,48.81,63,97,5.84
436,Dromolaxia,CY,2020-08-17 14:34:53,34.88,33.59,98.6,36,20,16.11
437,Porto Novo,BJ,2020-08-17 14:34:53,6.5,2.6,82.4,69,20,17.22
438,Storm Lake,US,2020-08-17 14:34:53,42.64,-95.21,69.01,68,1,12.75
439,Sobolevo,RU,2020-08-17 14:34:53,54.43,31.9,73.31,71,0,6.69
440,Lazaro Cardenas,MX,2020-08-17 14:34:53,17.96,-102.2,78.87,85,93,4.97
441,Veraval,IN,2020-08-17 14:34:54,20.9,70.37,82.11,83,95,17.98
442,Sharjah,AE,2020-08-17 14:33:42,25.36,55.4,98.6,63,21,9.17
443,Sao Joao Da Barra,BR,2020-08-17 14:33:10,-21.64,-41.05,84.2,54,40,9.17
444,Salekhard,RU,2020-08-17 14:34:54,66.53,66.6,54.3,74,81,4.21
445,Bangassou,CF,2020-08-17 14:34:54,4.74,22.82,81.48,80,56,3.18
446,Den Helder,NL,2020-08-17 14:34:55,52.96,4.76,73.4,64,75,4.7
447,Olinda,BR,2020-08-17 14:34:55,-8.01,-34.86,82.4,69,75,13.87
448,Elk Plain,US,2020-08-17 14:34:55,47.05,-122.4,64.99,68,1,4.7
449,Kilindoni,TZ,2020-08-17 14:34:55,-7.91,39.67,76.8,77,31,10.92
450,Carlsbad,US,2020-08-17 14:34:14,33.16,-117.35,72.0,94,90,3.36
451,San Policarpo,PH,2020-08-17 14:34:56,12.18,125.51,79.75,84,100,5.23
452,Antonina,BR,2020-08-17 14:34:56,-25.43,-48.71,66.99,82,90,3.36
453,Puerto Del Rosario,ES,2020-08-17 14:34:56,28.5,-13.86,80.6,65,0,17.22
454,Iqaluit,CA,2020-08-17 14:34:56,63.75,-68.51,42.8,93,75,5.82
455,Svetlogorsk,BY,2020-08-17 14:34:56,52.63,29.73,77.18,61,53,4.92
456,Kuchera,IN,2020-08-17 14:34:57,26.98,73.97,91.4,59,49,8.16
457,Songadh,IN,2020-08-17 14:34:57,21.17,73.57,77.79,92,100,13.96
458,The Valley,AI,2020-08-17 14:34:57,18.22,-63.06,87.8,70,20,21.92
459,Ulaanbaatar,MN,2020-08-17 14:30:16,47.91,106.88,53.6,66,20,4.47
460,Seoni,IN,2020-08-17 14:34:57,22.08,79.53,74.52,94,100,5.61
461,Luanda,AO,2020-08-17 14:32:46,-8.84,13.23,77.0,73,75,9.17
462,Sehithwa,BW,2020-08-17 14:34:58,-20.47,22.72,90.36,11,0,7.67
463,Bilma,NE,2020-08-17 14:34:58,18.69,12.92,102.97,17,100,10.4
464,Eggenfelden,DE,2020-08-17 14:34:58,48.41,12.76,77.0,60,92,8.23
465,Mosquera,CO,2020-08-17 14:34:52,4.71,-74.23,55.4,87,75,4.7
466,Palmer,US,2020-08-17 14:34:59,42.16,-72.33,73.99,64,40,3.36
467,Alofi,NU,2020-08-17 14:34:59,-19.06,-169.92,71.6,73,75,13.87
468,Kalabo,ZM,2020-08-17 14:34:59,-14.97,22.68,91.44,10,0,1.77
469,Usak,TR,2020-08-17 14:32:36,38.5,29.42,87.8,20,20,8.05
470,Novobirilyussy,RU,2020-08-17 14:34:59,56.95,90.67,57.92,79,0,6.2
471,Billings,US,2020-08-17 14:35:00,45.78,-108.5,69.8,30,20,11.41
472,Sevenoaks,GB,2020-08-17 14:35:00,51.27,0.19,69.01,68,20,6.93
473,Yerbogachen,RU,2020-08-17 14:35:00,61.28,108.01,50.13,55,0,2.37
474,Oranjestad,AW,2020-08-17 14:35:00,12.52,-70.03,84.2,79,40,10.29
475,Margate,GB,2020-08-17 14:35:00,51.38,1.39,72.0,70,11,3.0
476,Tupik,RU,2020-08-17 14:35:01,54.43,119.93,43.86,73,47,7.23
477,Labytnangi,RU,2020-08-17 14:35:01,66.66,66.42,52.93,70,70,4.23
478,Key West,US,2020-08-17 14:31:19,24.56,-81.78,89.6,66,20,3.36
479,Ambovombe,MG,2020-08-17 14:35:02,-25.17,46.08,68.81,84,0,10.36
480,Sicuani,PE,2020-08-17 14:35:02,-14.27,-71.23,55.24,40,1,6.38
481,Eshowe,ZA,2020-08-17 14:35:02,-28.89,31.47,60.53,62,47,16.8
482,Adiake,CI,2020-08-17 14:35:02,5.29,-3.3,82.4,69,20,13.87
483,Jardim,BR,2020-08-17 14:35:03,-21.48,-56.14,68.63,93,100,3.67
484,Rincon,US,2020-08-17 14:35:03,32.3,-81.24,82.99,69,40,5.82
485,Pelotas,BR,2020-08-17 14:32:57,-31.77,-52.34,64.4,34,0,9.17
486,Gold Coast,AU,2020-08-17 14:35:03,-28.0,153.43,59.0,93,0,2.24
487,Taicheng,CN,2020-08-17 14:35:04,38.73,113.23,66.43,93,76,1.77
488,Westport,US,2020-08-17 14:34:50,41.14,-73.36,75.0,60,1,3.36
489,Sampit,ID,2020-08-17 14:30:55,-2.53,112.95,75.67,93,87,3.65
490,Ketchikan,US,2020-08-17 14:35:04,55.34,-131.65,57.2,100,90,5.82
491,Menongue,AO,2020-08-17 14:35:04,-14.66,17.69,90.72,9,50,4.88
492,Mujiayingzi,CN,2020-08-17 14:35:05,42.12,118.78,70.23,84,12,4.65
493,Shubarshi,KZ,2020-08-17 14:35:05,48.59,57.19,65.01,48,45,18.1
494,Otjiwarongo,NA,2020-08-17 14:35:05,-20.46,16.65,78.69,16,0,19.89
495,Mattawa,US,2020-08-17 14:35:05,46.74,-119.9,69.01,49,1,0.98
496,Danielskuil,ZA,2020-08-17 14:35:06,-28.19,23.54,63.72,26,0,23.04
497,Karup,DK,2020-08-17 14:35:06,56.31,9.17,86.0,28,90,12.75
498,Guiratinga,BR,2020-08-17 14:35:06,-16.35,-53.76,96.4,20,10,7.05
499,Ashland,US,2020-08-17 14:31:21,40.82,-82.27,75.0,69,1,8.05
500,Sidi Ali,DZ,2020-08-17 14:35:06,36.1,0.42,82.22,41,0,11.45
501,Yichang,CN,2020-08-17 14:35:06,30.71,111.28,81.27,78,0,1.3
502,Miri,MY,2020-08-17 14:35:07,4.41,114.01,82.4,88,40,3.36
503,Juegang,CN,2020-08-17 14:35:07,32.32,121.19,79.84,82,0,14.63
504,Malanje,AO,2020-08-17 14:35:07,-9.54,16.34,80.6,78,75,6.93
505,Nemuro,JP,2020-08-17 14:35:08,43.32,145.57,63.03,89,0,6.6
506,Vondrozo,MG,2020-08-17 14:35:08,-22.82,47.28,61.54,100,12,4.0
507,Yar-Sale,RU,2020-08-17 14:35:08,66.83,70.83,50.86,87,97,6.69
508,Camacha,PT,2020-08-17 14:35:08,33.08,-16.33,77.0,73,40,9.17
509,Baruun-Urt,MN,2020-08-17 14:35:08,46.68,113.28,59.41,82,92,14.76
510,Port Macquarie,AU,2020-08-17 14:35:09,-31.43,152.92,45.0,90,0,7.31
511,Oga,IT,2020-08-17 14:35:09,46.46,10.35,72.0,67,75,4.7
512,Oktyabrskiy,RU,2020-08-17 14:35:09,54.48,53.47,57.04,85,62,13.0
513,Antsohihy,MG,2020-08-17 14:35:09,-14.88,47.99,81.03,48,62,5.59
514,Tunceli,TR,2020-08-17 14:35:09,39.11,39.55,91.4,18,0,8.05
515,Aktas,KZ,2020-08-17 14:35:10,49.78,72.96,69.8,43,100,4.94
516,Thurso,GB,2020-08-17 14:35:10,58.59,-3.53,57.2,93,75,11.41
517,Egvekinot,RU,2020-08-17 14:35:10,66.32,-179.17,46.65,90,100,0.85
518,Araouane,ML,2020-08-17 14:35:10,18.9,-3.53,106.36,21,0,11.12
519,Fayaoue,NC,2020-08-17 14:35:10,-20.65,166.53,75.04,83,59,17.0
520,Roebourne,AU,2020-08-17 14:35:11,-20.78,117.13,68.97,29,0,12.37
521,Ussel,FR,2020-08-17 14:35:11,45.55,2.32,73.99,56,87,1.99
522,Santa Marta,CO,2020-08-17 14:30:33,11.24,-74.2,86.0,74,75,4.7
523,Katherine,AU,2020-08-17 14:35:11,-14.47,132.27,80.6,28,0,8.05
524,Inyonga,TZ,2020-08-17 14:35:11,-6.72,32.07,88.11,13,99,4.25
525,Tondano,ID,2020-08-17 14:35:12,1.3,124.91,77.0,94,20,2.24
526,Korla,CN,2020-08-17 14:35:12,41.76,86.15,83.95,19,35,9.31
527,Pandan,PH,2020-08-17 14:35:12,14.05,124.17,80.33,82,100,2.68
528,Kayes,ML,2020-08-17 14:35:12,14.0,-11.0,89.06,64,73,6.02
529,Codajas,BR,2020-08-17 14:35:13,-3.84,-62.06,99.55,34,3,2.53
530,Klaksvik,FO,2020-08-17 14:35:13,62.23,-6.59,57.2,82,55,10.29
531,Muros,ES,2020-08-17 14:35:13,42.78,-9.06,66.99,94,100,1.01
532,Pringsewu,ID,2020-08-17 14:35:13,-5.36,104.97,74.28,93,38,1.9
533,San Nicolas,PH,2020-08-17 14:35:13,18.17,120.6,78.8,80,100,5.57
534,Bowen,AU,2020-08-17 14:35:13,-20.02,148.23,57.0,93,0,3.36
535,Chernaya Kholunitsa,RU,2020-08-17 14:35:14,58.85,51.72,52.86,94,100,8.28
536,San Jeronimo,PE,2020-08-17 14:35:14,-11.95,-75.28,58.46,36,91,2.68
537,Friesach,AT,2020-08-17 14:35:14,46.96,14.41,81.0,57,20,5.82
538,Arman,RU,2020-08-17 14:35:14,59.7,150.17,55.08,78,100,1.88
539,Liuzhou,CN,2020-08-17 14:35:14,24.31,109.39,80.19,78,100,1.68
540,Uglegorsk,RU,2020-08-17 14:35:15,49.08,142.03,58.78,91,98,4.59
541,Hofn,IS,2020-08-17 14:35:15,64.25,-15.21,51.8,87,90,2.24
542,Sechura,PE,2020-08-17 14:35:15,-5.56,-80.82,66.97,70,97,10.47
543,Colares,PT,2020-08-17 14:35:15,38.8,-9.45,77.0,69,40,12.75
544,Elat,IL,2020-08-17 14:35:15,29.56,34.95,105.8,24,0,4.7
545,Nara,JP,2020-08-17 14:35:16,34.69,135.8,89.01,28,32,4.03
546,Manakara,MG,2020-08-17 14:35:16,-22.13,48.02,70.79,84,9,9.57
547,Viana,BR,2020-08-17 14:35:16,-20.39,-40.5,81.0,65,40,13.87
548,Sakakah,SA,2020-08-17 14:35:16,29.97,40.21,102.2,10,0,18.34
549,Nouadhibou,MR,2020-08-17 14:31:56,20.93,-17.03,82.4,58,96,18.34
550,Amahai,ID,2020-08-17 14:35:17,-3.33,128.92,76.33,84,36,7.38
551,Ico,BR,2020-08-17 14:35:17,-6.4,-38.86,95.07,28,0,8.25
552,Maniitsoq,GL,2020-08-17 14:35:17,65.42,-52.9,50.13,59,0,5.5
553,Guiglo,CI,2020-08-17 14:35:18,6.55,-7.5,83.64,58,88,2.98
554,Araguari,BR,2020-08-17 14:35:18,-18.65,-48.19,77.0,41,68,11.41
555,Ancud,CL,2020-08-17 14:34:11,-41.87,-73.82,48.0,100,40,6.93
556,Asosa,ET,2020-08-17 14:35:18,10.07,34.53,67.84,100,99,3.11
557,Salvador,SV,2020-08-17 14:35:19,13.83,-88.92,78.8,83,40,2.24
558,Paicandu,BR,2020-08-17 14:35:19,-23.46,-52.05,73.99,46,99,5.48
559,Kijang,KR,2020-08-17 14:35:19,35.24,129.21,80.6,78,0,1.12
560,Roald,NO,2020-08-17 14:35:19,62.58,6.13,66.0,77,5,10.29
561,Saint-Francois,FR,2020-08-17 14:35:19,46.42,3.91,81.0,39,100,12.75
562,Malumfashi,NG,2020-08-17 14:35:20,11.79,7.62,84.76,62,98,7.11
563,Dali,CN,2020-08-17 14:35:20,25.7,100.18,62.51,91,100,2.89
564,Linares,CL,2020-08-17 14:35:20,-35.85,-71.6,47.71,69,0,3.58
565,Barra Patuca,HN,2020-08-17 14:35:20,15.8,-84.28,83.14,78,83,3.74
566,Bahawalnagar,PK,2020-08-17 14:35:20,30.55,73.39,98.76,38,14,10.11
567,Romny,UA,2020-08-17 14:35:21,50.75,33.47,78.69,52,19,7.2
